year,month,day,final_six_figure_odds,one_move_1_num,one_move_2_num,one_move_3_num,one_move_4_num,one_move_5_num,one_move_6_num,one_move_7_num,two_move_1_num,two_move_2_num,two_move_3_num,two_move_4_num,two_move_5_num,two_move_6_num,two_move_7_num
2024,8,9,745349,25,44,41,8,29,28,49,44,4,8,3,34,45,28
2024,1,9,253193,22,21,14,12,16,26,48,21,6,33,28,13,47,48
2024,21,8,359037,21,31,22,35,18,24,42,44,21,48,38,30,15,36
2024,25,8,114051,24,40,20,5,9,8,28,8,34,4,20,28,40,31
2024,30,8,688255,5,43,42,2,24,18,23,35,24,1,41,6,40,33
2024,6,9,556943,29,47,41,45,19,23,7,49,42,37,8,12,11,10
2024,4,9,760879,30,33,40,36,4,47,20,48,14,6,5,20,24,22
2024,28,8,791222,36,11,45,23,35,27,25,28,46,15,33,23,5,27
2024,23,8,61126,27,9,14,34,19,42,46,45,10,13,18,25,17,36
2024,18,8,153118,34,45,42,21,49,18,31,2,38,33,7,48,10,18
2024,16,8,873346,8,42,10,39,45,3,44,48,10,32,26,12,11,6
2024,14,8,334096,37,14,4,43,10,42,38,40,16,9,13,42,38,18
2024,9,8,89765,19,38,14,2,49,47,48,35,38,17,21,27,46,2
2024,11,8,168972,5,40,14,44,45,24,41,11,31,25,1,10,13,42
2024,7,8,994706,24,15,16,45,36,13,40,43,7,1,44,11,3,31
2024,4,8,271013,35,21,30,27,23,28,20,38,27,1,35,37,47,32
2021,19,5,479030,7,13,26,11,16,49,10,39,7,6,12,31,38,5
2023,27,8,728706,15,34,29,48,39,47,1,16,18,9,10,44,15,11
2021,5,5,151616,46,6,44,24,42,35,34,9,28,46,19,38,36,40
2021,21,4,221528,10,18,6,13,11,31,40,29,9,7,36,18,28,41
2021,18,4,840126,39,7,29,44,43,41,17,13,35,28,26,3,43,25
2021,23,4,993023,42,47,23,44,31,17,12,26,21,7,15,9,43,31
2021,28,4,796243,7,1,46,8,25,32,26,37,1,10,31,17,9,49
2021,2,5,462775,35,1,11,25,37,46,28,43,31,2,42,1,13,39
2021,30,4,640730,16,21,4,29,28,19,23,46,7,34,36,31,10,1
2021,16,4,89474,47,43,42,19,33,32,3,39,33,30,6,27,3,47
2021,25,4,254399,41,49,8,26,48,12,7,35,2,22,47,27,29,37
2020,20,11,950684,43,37,16,9,11,35,4,47,21,31,48,24,3,35
2020,27,11,858463,31,13,10,43,3,9,32,27,2,38,29,18,42,16
2020,25,11,436430,49,43,1,15,26,48,17,1,21,16,24,3,30,49
2020,2,12,361377,12,43,16,22,36,11,20,18,48,41,35,47,39,11
2020,4,12,951797,20,49,22,17,48,42,44,41,31,3,4,40,36,24
2020,22,11,572638,7,2,3,16,13,39,40,44,23,13,43,22,24,20
2020,29,4,569947,21,8,1,22,11,41,4,40,30,42,29,23,44,49
2020,6,12,937394,5,11,22,49,19,44,17,21,15,30,10,2,35,43
2020,12,4,357901,16,6,21,2,38,27,9,6,11,17,40,42,31,26
2020,29,11,54971,7,42,47,39,12,37,46,42,6,1,20,33,19,37
2020,3,5,462297,15,33,2,12,16,17,36,44,46,10,25,24,15,13
2020,19,4,526052,20,1,45,34,37,43,49,18,26,1,7,31,25,38
2020,26,4,783496,32,48,13,44,36,21,14,14,42,44,13,26,20,10
2020,15,4,639004,49,16,33,28,10,31,12,37,44,22,41,12,21,17
2020,22,4,446147,25,6,9,30,21,15,4,4,11,35,21,9,24,49
2020,10,4,229836,17,14,7,19,25,42,27,40,48,5,35,4,36,26
2019,20,12,840500,19,46,40,20,25,16,7,20,37,24,35,26,31,32
2019,18,12,861623,36,3,39,13,12,43,2,42,47,17,11,19,39,49
2019,15,12,893872,12,37,32,18,23,48,13,15,36,3,13,11,48,18
2019,22,12,386154,28,23,10,33,21,18,43,40,22,30,1,42,19,5
2019,25,12,338001,31,8,2,45,21,5,22,12,21,3,6,4,47,15
2019,11,12,170535,29,14,23,27,30,34,13,24,38,32,21,23,5,20
2019,15,9,149256,7,38,14,28,33,20,6,28,48,35,2,33,5,46
2020,23,2,510937,33,49,39,9,28,41,45,6,2,15,17,9,32,31
2019,13,12,666730,5,37,27,49,13,40,44,40,47,27,17,39,28,36
2019,29,9,819911,26,19,20,43,36,6,13,4,46,40,38,41,10,35
2019,13,9,34790,13,4,31,42,24,18,17,28,6,45,2,33,9,36
2019,22,9,51107,31,35,48,34,14,22,45,23,46,25,16,7,9,24
2019,29,12,841807,2,30,1,18,4,17,9,45,10,16,6,17,14,36
2019,8,9,189149,14,30,8,4,26,1,47,28,46,40,18,22,5,13
2019,18,9,152712,22,43,45,41,14,25,18,26,21,19,8,34,41,17
2019,27,9,888765,37,48,27,2,16,15,1,44,21,47,40,37,35,12
2019,25,9,82284,34,7,49,27,19,38,15,48,31,8,45,21,18,49
2019,2,10,353152,48,16,6,22,32,27,34,37,1,3,14,16,23,26
2019,11,9,721684,17,13,46,2,29,20,36,32,35,2,17,24,10,42
2017,10,11,836934,10,14,4,39,3,20,49,1,20,9,43,46,35,31
2019,11,10,129770,42,28,27,47,31,39,15,3,11,34,7,45,38,9
2017,12,11,297015,21,22,23,31,27,6,47,22,25,15,24,33,21,48
2019,9,10,349343,30,26,13,44,12,34,35,29,20,35,4,45,6,27
2019,6,10,523480,20,41,14,47,45,34,17,44,29,7,30,2,20,42
2017,1,11,604531,16,19,43,9,39,27,40,37,45,22,43,40,47,10
2017,5,11,26938,13,14,46,40,22,24,20,43,25,49,31,37,44,30
2017,8,11,768709,18,37,26,32,33,47,46,33,1,4,12,14,44,23
2017,19,11,657616,31,46,40,47,34,15,33,34,47,9,32,41,18,10
2017,24,11,83611,29,4,15,45,17,48,31,7,17,13,44,2,15,36
2017,26,11,990046,4,2,26,33,43,31,10,21,8,3,2,24,13,27
2017,6,12,423629,7,25,20,16,24,28,12,18,38,24,10,37,32,46
2017,29,11,127824,25,4,18,17,43,35,9,20,26,25,28,10,43,48
2017,3,12,989240,3,36,22,29,24,8,41,32,6,14,25,33,46,15
2017,22,11,717653,44,19,29,31,28,41,2,31,15,47,7,41,10,37
2017,10,12,80887,30,20,24,8,35,4,32,29,37,14,2,5,41,8
2017,15,12,813940,21,31,47,14,34,5,39,42,23,47,11,37,13,4
2017,13,12,816984,40,38,17,39,25,16,48,32,42,13,9,28,4,19
2017,15,11,485138,9,18,12,43,1,27,41,27,29,46,8,39,12,16
2017,20,12,244792,48,43,16,8,25,41,18,11,12,48,7,33,19,6
2017,24,12,446269,42,24,20,38,9,13,17,13,33,44,1,32,46,31
2017,22,12,895644,34,41,44,17,25,31,9,1,41,9,4,7,5,49
2017,17,12,512145,32,48,31,16,22,40,12,34,45,20,4,17,2,22
2017,27,12,211587,34,6,44,17,31,33,46,19,20,26,30,17,7,41
2017,29,12,454266,29,34,40,25,2,48,39,24,10,20,3,38,21,14
2018,3,1,127507,42,41,13,35,46,12,31,5,19,22,8,45,2,46
2018,14,1,677762,37,4,18,13,32,47,20,22,19,7,41,3,12,15
2017,31,12,600667,42,30,22,4,29,23,3,38,1,47,31,39,12,7
2018,7,1,74554,11,14,3,26,45,10,40,33,14,36,35,12,19,48
2018,12,1,314415,47,28,31,6,49,30,42,49,19,39,37,25,36,43
2018,21,1,549956,30,12,10,11,42,21,31,7,37,14,31,47,29,9
2018,31,1,46613,9,38,16,8,42,28,40,9,29,15,37,42,4,35
2018,28,1,888631,34,6,13,11,27,23,18,15,16,4,7,2,48,35
2018,10,1,47410,35,36,29,18,19,28,47,22,26,19,35,24,11,38
2018,17,1,525995,2,35,25,48,40,13,41,49,14,45,27,26,15,20
2018,4,2,138650,8,34,41,9,30,7,42,39,6,42,34,45,8,29
2018,2,2,202538,25,39,20,28,9,3,33,30,42,6,2,13,48,26
2018,24,1,980709,34,2,40,5,24,3,15,23,10,49,35,39,29,17
2018,7,2,796250,20,42,4,21,10,3,5,38,10,13,11,3,26,40
2018,16,2,477541,42,3,24,44,33,6,45,7,31,27,47,22,32,6
2018,28,2,576379,43,34,38,46,19,9,32,25,2,24,30,36,48,45
2018,18,2,991806,29,44,20,13,24,25,47,29,7,33,25,13,24,19
2018,4,3,164086,23,37,21,33,27,49,24,29,32,41,8,45,23,17
2018,11,2,615764,48,13,14,1,39,47,37,3,28,34,46,35,32,27
2018,14,2,350510,39,29,20,13,45,7,24,28,44,21,9,7,26,48
2018,24,10,452274,22,32,42,11,25,23,43,33,5,7,31,1,42,35
2018,28,10,452274,5,43,20,7,12,26,44,33,10,26,8,49,40,4
2018,25,2,901436,38,14,49,35,24,33,3,18,20,39,16,13,29,35
2018,21,2,728430,17,29,36,23,4,10,43,47,38,15,44,24,40,49
2018,4,11,616658,18,11,5,30,27,15,32,35,7,21,12,30,9,8
2018,7,11,955245,10,45,3,39,14,25,35,40,26,14,49,15,30,47
2018,9,11,955245,33,32,3,9,8,28,10,32,27,44,33,25,9,45
2018,23,11,246104,40,6,2,46,38,48,12,30,29,44,20,23,1,10
2018,25,11,246104,16,10,33,39,11,20,48,28,30,20,7,13,17,39
2018,11,11,955245,17,6,43,28,11,9,12,25,20,8,11,26,47,49
2018,21,11,246104,37,18,16,23,10,30,1,38,35,26,47,37,43,14
2018,18,11,416449,49,45,39,31,8,15,22,17,23,22,47,38,28,25
2018,14,11,416449,7,6,44,17,33,16,25,23,33,48,41,17,7,37
2018,12,12,101943,16,33,43,49,38,46,3,38,23,30,5,37,32,14
2018,7,12,925885,5,8,41,27,18,30,49,42,41,24,11,44,13,33
2018,28,11,342685,10,47,30,45,16,26,43,22,25,46,28,17,1,33
2018,2,12,342685,11,47,29,46,25,3,4,41,38,32,23,1,14,45
2018,5,12,925885,19,45,39,30,13,47,49,10,33,39,3,35,45,49
2018,9,12,925885,4,44,32,39,27,26,22,11,45,13,17,28,37,4
2018,19,12,486414,3,48,39,45,18,6,7,14,18,29,12,5,3,47
2018,26,12,795523,24,37,39,12,6,15,36,30,36,29,31,15,43,12
2018,21,12,486414,6,42,41,33,17,10,8,1,7,21,33,30,44,16
2019,2,1,285981,13,18,46,34,28,40,43,44,19,31,17,42,35,5
2018,16,12,101943,1,21,48,12,30,17,38,39,1,23,12,48,25,33
2018,23,12,486414,48,18,30,26,33,22,13,45,14,2,19,25,47,1
2018,30,12,795523,27,7,44,17,24,16,21,31,13,33,34,43,9,30
2019,6,1,285981,11,20,18,2,22,35,34,10,14,13,34,46,37,30
2019,13,1,972877,38,10,25,8,23,2,7,39,7,38,40,19,5,17
2019,16,1,263448,33,44,35,8,3,7,1,38,12,6,17,4,30,42
2019,20,1,21822,15,16,10,29,24,12,20,17,34,24,37,8,49,26
2019,23,1,940896,43,44,8,48,49,22,11,43,1,7,48,37,2,20
2019,11,1,972877,20,41,22,4,45,9,24,12,20,47,35,42,21,28
2019,30,1,927408,13,28,37,24,45,38,49,10,18,8,41,7,29,35
2019,25,1,174352,14,44,26,48,16,19,45,35,41,11,30,42,40,17
2019,9,1,972877,35,37,15,19,38,42,40,49,47,3,17,39,4,15
2019,27,1,135549,24,45,38,5,43,18,14,45,12,16,1,27,26,40
2018,31,10,616658,34,25,35,32,29,38,30,38,16,25,19,15,8,17
2019,3,2,446561,4,24,47,22,38,3,46,21,26,36,13,14,31,19
2019,8,2,136,14,35,23,20,2,17,43,9,26,44,45,10,17,3
2019,10,2,823559,4,25,47,16,31,11,42,21,1,34,25,3,32,4
2019,6,2,639615,2,7,42,35,22,17,30,32,5,4,26,44,3,33
2019,17,2,142405,41,35,47,27,15,44,40,5,33,41,34,38,19,15
2019,24,2,891644,36,9,2,46,8,28,43,20,8,30,23,26,15,49
2019,3,3,206421,6,12,19,13,3,39,31,12,26,24,6,17,5,10
2019,6,3,43705,14,24,9,42,37,4,7,44,40,30,11,36,34,35
2019,8,3,43182,27,28,29,44,32,7,11,17,48,8,29,12,24,31
2019,10,3,596270,16,46,47,35,48,26,12,28,25,49,23,34,9,7
2019,13,3,744414,34,46,14,20,1,36,25,9,16,22,7,6,13,11
2019,17,3,820024,5,6,14,43,8,45,26,12,32,37,30,42,48,13
2019,20,3,124423,6,13,22,33,26,1,45,18,37,48,20,12,6,21
2019,3,4,766805,45,22,15,20,1,3,29,33,31,10,42,12,17,15
2019,20,2,609807,49,5,44,29,37,18,35,44,30,4,39,14,46,25
2019,13,2,456755,20,11,6,1,2,34,48,3,44,23,37,36,2,11
2019,24,3,932147,39,24,25,14,28,12,41,47,21,4,41,24,46,32
2019,27,2,456152,16,24,46,43,41,1,34,43,11,44,30,16,23,46
2019,27,3,362730,35,43,33,47,14,38,22,20,42,22,39,31,34,30
2019,31,3,202471,5,12,2,8,26,30,11,15,17,28,46,42,36,47
2019,17,4,919107,47,15,27,29,21,36,41,33,37,28,4,45,26,30
2019,7,4,870275,16,43,29,19,38,27,18,24,17,26,8,3,37,6
2019,10,4,463965,5,26,13,35,41,9,7,4,36,35,44,34,24,31
2019,12,4,958132,6,46,33,44,38,42,40,21,31,18,34,44,41,35
2019,14,4,262714,9,41,39,37,27,30,46,22,45,35,27,33,15,39
2019,19,4,672136,12,8,11,44,19,23,7,46,44,31,21,11,49,8
2019,21,4,987741,49,21,17,4,32,44,33,38,31,17,6,49,26,48
2019,1,5,629957,12,15,20,22,27,37,44,38,11,15,17,16,35,33
2019,15,5,201346,21,40,45,43,16,6,28,11,17,10,48,20,4,37
2019,28,4,16220,21,43,29,24,19,20,41,27,42,7,21,40,23,9
2019,12,5,445704,26,9,10,29,43,5,4,22,3,7,39,40,38,25
2019,8,5,572215,29,41,32,34,9,6,45,29,40,5,4,1,32,27
2019,10,5,781348,18,17,28,20,24,14,33,1,37,34,25,35,29,16
2019,24,4,782033,23,39,5,47,6,30,15,31,9,33,48,13,41,3
2019,26,5,364093,37,29,25,19,27,21,44,19,3,9,2,15,38,18
2019,24,5,210364,19,28,8,34,13,43,7,5,24,1,10,9,39,32
2019,5,5,564685,36,39,42,11,43,21,46,42,13,28,23,21,26,34
2019,19,5,886805,31,41,20,40,44,46,19,5,42,31,9,23,13,15
2019,2,6,621753,3,31,30,37,49,5,13,3,10,45,14,33,6,26
2019,29,5,935660,35,18,16,26,3,12,48,27,3,5,47,10,16,15
2019,5,6,164637,31,37,10,28,5,2,1,48,19,3,21,32,36,34
2019,16,6,135915,22,14,40,41,9,30,42,36,37,48,47,32,18,30
2019,23,6,851541,44,8,35,11,19,24,21,6,3,12,7,29,43,41
2019,26,6,214299,16,1,20,43,47,42,5,13,12,35,47,15,1,24
2019,14,6,831989,30,17,12,8,42,43,7,10,24,48,47,18,39,31
2019,9,6,994817,26,7,14,39,11,23,20,22,36,7,21,19,41,6
2019,19,6,737860,1,2,33,8,9,29,12,9,34,43,6,46,42,27
2019,22,5,77705,24,3,42,32,2,34,9,20,40,13,15,47,48,14
2019,28,6,498042,26,24,34,8,12,21,22,21,25,13,30,5,43,37
2019,7,7,799646,4,5,42,32,47,14,18,12,48,21,41,1,38,43
2019,3,7,148190,32,35,47,4,10,44,13,34,49,11,27,30,23,40
2019,14,7,785128,36,31,7,2,43,3,39,24,16,44,28,18,45,5
2019,30,6,852336,18,26,28,19,8,46,11,10,16,47,1,28,30,18
2019,10,7,813051,14,18,17,24,29,47,35,48,12,45,4,30,28,11
2019,12,7,926415,48,38,29,42,24,43,49,49,23,12,48,6,31,8
2019,12,6,45112,7,42,49,40,15,28,1,32,26,4,5,36,13,39
2019,28,7,801016,26,9,24,33,38,7,4,31,21,32,25,22,47,20
2019,17,7,50973,45,47,18,40,3,9,42,28,2,21,26,29,40,48
2019,24,7,576520,16,37,8,31,48,15,22,43,24,49,18,26,36,22
2019,21,7,950726,3,29,35,45,21,32,48,20,37,12,42,19,36,34
2019,9,8,714437,26,18,10,41,29,8,17,42,47,49,4,30,43,3
2019,21,8,545539,47,19,24,32,49,45,33,2,13,19,9,34,20,31
2019,18,8,843167,10,24,41,23,43,49,9,4,32,14,41,27,28,9
2019,7,8,173977,36,38,48,32,46,6,13,40,22,9,10,5,14,42
2019,4,8,464922,13,44,46,7,24,20,3,48,10,31,8,47,38,6
2019,11,8,970608,41,43,18,49,47,14,28,29,10,18,26,37,25,13
2019,25,8,951947,6,20,13,17,29,26,32,41,32,18,39,33,37,30
2019,31,7,993597,19,39,3,36,26,29,38,43,30,20,17,44,2,47
2019,28,8,939110,34,37,16,35,29,32,22,41,14,32,47,27,36,8
2019,20,10,992506,2,13,38,48,19,9,47,42,38,33,32,44,8,47
2019,23,10,511799,48,49,39,12,33,31,11,48,1,35,49,27,15,30
2019,16,10,79055,7,30,14,21,31,4,10,4,47,29,10,39,2,7
2019,4,9,513819,37,4,32,13,7,6,2,15,25,23,45,13,28,5
2019,13,10,514940,7,45,44,25,14,49,43,22,36,4,11,32,49,3
2019,14,8,653558,37,21,28,17,12,14,24,17,16,13,49,29,34,38
2019,1,9,130073,39,3,7,14,45,36,10,47,9,32,15,18,48,31
2019,6,11,411173,20,48,10,26,27,12,28,6,39,28,17,11,19,44
2019,3,11,700700,29,3,24,10,31,27,39,27,47,26,18,13,34,23
2019,13,11,730501,7,29,5,3,8,25,32,12,14,30,46,38,35,47
2019,10,11,717245,2,34,6,42,43,28,14,36,1,7,38,48,14,40
2019,1,11,947570,33,8,12,3,26,32,21,48,32,20,42,5,8,49
2019,15,11,720191,33,30,12,23,41,13,19,8,47,2,28,26,34,41
2019,30,10,460433,46,25,9,29,35,5,45,48,17,18,35,20,37,12
2019,27,10,205514,23,40,29,28,20,42,45,43,21,38,3,17,1,25
2019,24,11,465259,25,18,10,28,43,44,37,40,29,15,38,31,17,36
2019,17,11,672564,13,49,2,44,9,21,34,3,43,30,38,47,4,14
2019,27,11,328874,7,43,30,14,16,45,29,47,35,43,13,30,2,23
2019,8,12,974374,26,31,32,18,38,4,45,15,5,37,31,45,26,21
2020,1,1,349644,12,27,6,5,42,4,31,42,46,5,29,17,8,48
2019,4,12,455000,10,15,4,46,49,8,37,32,7,46,23,22,44,15
2019,1,12,211448,9,20,11,28,8,14,30,2,34,10,8,35,6,32
2019,20,11,133181,12,41,44,3,33,36,22,11,33,36,15,38,29,39
2020,5,1,470004,3,17,13,16,49,38,40,43,37,6,34,21,3,23
2020,8,1,980280,46,16,42,8,36,2,41,18,24,23,36,6,46,33
2020,15,1,335354,33,45,13,49,44,17,10,41,33,28,30,24,12,20
2020,22,1,564596,8,42,10,18,22,39,43,42,35,43,32,44,30,7
2020,19,1,965054,10,40,28,8,26,41,17,3,34,10,18,15,23,47
2020,10,1,905402,9,2,35,44,47,14,48,47,18,17,2,29,4,3
2020,31,1,966122,5,26,34,48,36,38,3,40,18,31,6,47,37,29
2020,29,1,595132,2,9,33,32,48,42,35,49,22,11,26,15,2,32
2020,26,1,956310,16,46,2,22,23,32,42,47,32,14,4,41,26,42
2020,9,2,715845,4,23,19,13,47,17,45,47,1,9,7,3,5,31
2020,12,2,617187,17,23,29,25,4,46,40,31,43,19,25,38,20,24
2020,19,2,324079,2,27,25,46,36,33,45,48,39,46,49,13,3,25
2020,5,2,947003,7,36,41,17,49,9,40,36,34,26,8,19,37,2
2020,16,2,12052,43,23,15,30,16,12,7,38,12,43,26,21,1,23
2020,2,2,193843,20,19,43,37,41,39,7,24,14,21,33,25,16,15
2020,12,1,351968,40,12,39,35,24,31,38,49,31,11,12,4,14,42
2020,26,2,585745,33,41,23,32,29,8,3,45,34,11,14,33,25,37
2020,4,3,256909,13,19,32,27,21,16,38,25,22,48,1,29,33,24
2020,13,3,115705,45,27,39,40,41,31,9,17,18,25,35,21,11,32
2020,14,2,989249,32,9,7,36,45,13,16,20,40,8,19,14,18,21
2020,15,3,71000,18,8,19,44,25,14,45,33,14,10,20,45,43,31
2020,22,3,577235,9,28,19,21,36,42,20,8,4,48,37,28,3,40
2020,11,3,897014,35,37,38,23,20,18,31,34,40,3,12,4,2,6
2020,8,3,394496,2,6,19,25,5,7,30,45,14,28,40,18,29,6
2020,1,3,379831,20,29,19,22,33,1,9,5,21,22,37,14,6,25
2020,27,3,801942,47,34,43,41,11,12,39,26,8,24,43,19,25,29
2020,25,3,660664,38,35,49,14,25,6,28,25,33,2,17,36,30,41
2020,29,3,420715,28,6,49,15,20,36,45,15,20,31,4,6,11,3
2020,1,4,547566,41,36,46,38,2,45,37,26,46,43,34,25,20,35
2020,18,3,540243,27,28,24,19,10,1,45,19,7,27,10,40,47,4
2020,8,4,842406,38,31,17,22,46,30,16,4,15,40,28,25,48,22
2020,5,4,898155,27,21,45,40,4,33,41,48,40,18,44,5,28,38
2020,6,5,390999,7,16,6,46,21,17,39,14,23,21,12,43,38,28
2020,8,5,490172,29,27,28,6,22,24,10,25,21,3,37,15,4,9
2020,13,5,200534,2,25,9,43,38,32,31,10,23,2,25,7,19,42
2020,24,5,130980,31,16,23,27,44,42,47,30,49,23,13,32,31,45
2020,27,5,558122,15,45,32,46,4,18,43,3,44,45,38,17,27,43
2020,20,5,757615,37,5,9,10,38,17,26,49,44,8,27,5,15,1
2020,22,5,511852,12,11,25,45,4,26,9,34,35,41,14,26,43,24
2020,31,5,112926,11,44,41,14,29,4,26,49,19,17,10,25,35,37
2020,3,6,112147,31,25,28,11,1,13,41,2,11,22,14,31,15,9
2020,7,6,102493,25,32,41,12,15,36,2,30,27,28,26,33,47,37
2020,10,6,425713,35,37,1,25,27,13,29,31,48,21,26,14,25,2
2020,17,5,937735,37,9,43,18,46,47,30,39,6,47,34,44,3,1
2020,12,6,519328,42,47,25,21,19,17,48,23,39,35,18,41,37,10
2020,10,5,978547,7,33,43,26,28,32,48,41,7,29,21,38,18,45
2020,21,6,989367,17,13,33,31,27,41,48,28,7,8,39,10,37,31
2020,14,6,825064,17,22,24,7,49,37,47,34,22,13,20,37,47,38
2020,17,6,971286,44,6,11,40,26,3,42,1,35,44,18,31,7,14
2020,24,6,411695,18,47,49,42,14,44,38,7,43,16,3,20,10,48
2020,28,6,90889,20,29,15,16,39,34,3,18,33,15,23,34,29,22
2020,8,7,733417,9,47,35,11,27,30,41,46,25,16,39,26,18,32
2020,15,7,512165,24,45,18,12,41,46,13,17,48,40,27,4,18,16
2020,1,7,127437,15,17,12,29,9,26,41,46,44,4,13,20,40,14
2020,12,7,691982,42,49,47,25,8,29,44,38,7,40,48,17,19,22
2020,5,7,558868,7,45,6,22,16,9,39,3,27,38,10,17,24,29
2020,19,7,934704,47,10,38,19,6,44,25,4,5,10,27,21,37,31
2020,22,7,6110,25,2,49,28,23,26,15,12,15,9,14,29,40,38
2020,10,7,572242,35,26,28,43,34,45,31,19,45,9,31,48,43,36
2020,31,7,553407,2,10,45,16,15,33,41,14,31,40,44,7,20,15
2020,2,8,385457,14,21,16,8,32,46,7,42,46,39,18,26,21,8
2020,26,7,905990,49,38,41,34,5,31,20,1,31,18,9,22,44,11
2020,5,8,461755,42,23,33,24,34,26,1,21,22,33,20,30,46,10
2020,16,8,150590,6,19,24,49,36,21,17,30,34,17,21,48,3,29
2020,14,8,597462,41,2,32,30,23,47,48,28,34,31,14,35,26,6
2020,9,8,987401,36,4,45,47,42,38,40,38,36,12,42,47,44,3
2020,29,7,777,7,31,10,11,45,16,5,20,19,14,41,2,27,45
2020,26,8,51434,32,2,26,14,25,4,3,35,48,47,46,27,15,41
2020,23,8,472658,49,13,29,44,14,48,37,12,16,42,43,36,1,14
2020,12,8,385674,5,46,41,13,6,1,34,39,3,23,12,48,40,31
2020,30,8,478438,26,27,28,32,5,45,8,22,36,39,33,5,10,31
2020,2,9,180880,41,1,36,20,11,16,24,42,45,21,43,20,24,25
2020,19,8,814365,8,24,37,17,30,34,49,44,29,14,21,38,16,36
2020,6,9,125966,28,9,35,24,7,3,39,41,20,26,31,42,29,28
2020,9,9,744945,40,43,24,35,26,25,47,21,22,42,12,17,19,47
2020,13,9,720779,21,31,19,28,8,11,43,44,46,8,49,10,3,1
2020,16,9,150375,34,44,9,11,21,31,49,24,38,44,23,13,17,10
2020,20,9,273701,43,34,4,22,26,49,7,7,36,19,26,13,35,29
2020,23,9,123606,34,23,43,31,25,13,47,4,9,29,20,1,30,42
2020,30,9,947856,43,19,49,20,25,48,21,42,39,16,35,10,48,21
2020,4,10,359095,7,42,20,34,25,26,11,10,27,48,44,35,9,23
2020,7,10,460577,6,27,40,5,25,37,48,45,28,44,31,49,5,36
2020,11,9,577109,43,16,17,44,45,46,37,29,49,5,37,1,40,48
2020,27,9,875782,35,39,31,22,11,32,26,31,7,39,32,12,19,23
2020,9,10,368462,39,17,27,22,20,16,28,8,32,15,12,23,37,17
2020,23,10,483003,30,24,11,32,46,16,5,42,45,7,48,33,35,23
2020,14,10,520219,21,42,7,22,47,13,34,12,44,9,14,10,31,45
2020,28,10,37717,23,39,1,20,47,2,37,42,15,16,22,40,20,35
2020,18,10,681584,8,39,19,34,22,10,45,3,48,1,18,24,35,21
2020,25,10,493955,15,30,28,44,18,31,12,12,11,4,49,26,38,27
2020,16,10,730852,39,17,4,38,18,31,11,17,41,27,48,37,22,25
2020,21,10,608218,43,20,32,8,16,38,26,26,49,41,3,43,45,16
2020,11,10,333434,30,41,5,48,12,10,27,22,17,11,27,41,32,31
2020,11,11,169264,3,21,16,15,26,30,49,35,11,9,41,49,27,29
2020,4,11,619880,49,17,27,36,26,32,43,2,37,27,14,25,28,30
2020,1,11,405623,48,6,7,28,31,44,34,1,28,23,10,30,13,36
2020,6,11,783673,28,19,12,47,20,49,41,13,45,22,29,14,19,15
2020,8,11,353412,46,21,20,37,36,30,4,34,32,25,13,17,28,10
2020,30,10,140289,5,49,20,8,4,10,32,33,16,31,3,47,5,8
2020,18,11,607734,42,43,14,38,37,24,15,20,15,11,6,22,13,16
2020,13,12,352712,17,3,27,13,14,25,1,42,44,11,38,26,17,23
2020,18,12,809154,30,27,42,15,32,45,43,32,17,29,26,19,20,4
2020,9,12,907403,26,6,42,4,5,40,22,11,40,13,31,14,47,2
2020,16,12,804854,28,3,18,33,2,6,47,46,42,25,34,38,9,28
2020,15,11,407507,33,21,41,27,18,3,24,7,14,4,39,32,47,19
2020,13,11,320427,4,46,20,23,34,44,6,27,12,7,41,15,22,6
2020,27,12,839743,18,47,41,30,5,25,3,31,16,42,40,35,39,8
2020,24,12,322916,22,30,12,8,7,35,42,18,27,1,22,3,5,21
2020,30,12,289278,5,25,19,15,47,34,35,14,22,7,4,12,30,36
2020,11,12,123453,28,2,33,26,9,37,22,40,42,3,37,21,34,24
2021,6,1,930868,23,28,22,47,43,34,5,8,49,30,17,28,41,3
2021,10,1,49827,21,33,11,37,28,49,38,27,24,39,32,49,46,12
2021,13,1,641070,8,3,11,49,7,33,26,37,28,33,22,8,9,10
2021,15,1,971511,29,33,21,49,11,7,9,28,48,32,43,26,2,38
2021,17,1,293453,12,36,28,24,20,1,34,36,17,19,33,47,41,25
2020,23,12,214999,35,44,16,25,2,37,23,6,31,22,12,46,15,24
2020,25,12,199330,10,2,27,12,16,29,36,39,33,46,7,13,32,17
2020,20,12,449256,16,42,39,5,29,3,23,43,8,37,34,41,23,38
2021,24,1,46041,45,8,2,22,39,46,23,23,20,12,6,44,17,43
2021,22,1,364897,39,29,17,15,31,14,33,5,47,6,20,3,7,39
2021,8,1,483152,28,4,19,41,16,30,26,32,1,16,2,25,24,14
2021,27,1,201927,34,18,37,16,31,6,9,47,26,42,1,29,37,20
2021,29,1,619911,33,30,27,17,34,9,40,44,40,49,17,10,6,28
2021,31,1,651716,25,26,5,29,37,34,18,36,37,10,13,28,14,11
2021,3,2,94400,42,3,13,18,33,49,27,19,34,47,33,29,5,44
2021,5,2,564256,12,25,40,3,22,18,20,8,6,2,4,15,18,20
2021,7,2,206707,12,18,21,20,33,13,49,45,22,6,10,40,43,13
2021,10,2,346473,8,31,11,20,38,5,42,30,35,7,33,6,43,48
2021,20,1,506717,21,37,33,27,22,35,10,4,25,46,26,31,23,38
2021,12,2,250065,48,14,26,23,25,13,18,49,11,26,30,1,29,34
2021,19,2,775329,15,3,35,25,12,27,22,19,2,38,15,27,8,9
2021,14,2,202170,44,47,27,4,36,6,26,1,49,21,13,8,22,43
2021,17,2,203233,35,46,29,5,18,1,12,26,21,18,28,44,23,12
2021,26,2,862239,12,30,35,11,36,39,48,1,10,30,13,40,36,37
2021,21,2,417359,46,9,17,12,7,13,29,45,29,48,46,22,1,8
2021,28,2,192752,38,23,5,7,46,34,29,34,23,6,3,22,26,12
2021,7,3,441298,17,5,47,42,8,48,1,18,9,1,40,34,39,25
2021,5,3,691868,26,14,20,12,46,30,3,7,33,16,45,18,27,39
2021,10,3,249706,45,44,21,1,4,14,38,42,29,27,16,31,32,30
2021,14,3,713419,32,42,34,10,20,44,21,18,49,42,21,27,26,20
2021,12,3,963369,12,43,4,26,6,48,18,19,4,1,27,48,12,25
2021,17,3,563286,27,22,49,6,29,18,7,9,10,22,28,23,40,11
2021,24,2,987639,23,37,34,16,43,48,1,4,12,19,49,33,36,37
2021,3,3,441669,31,17,30,24,23,14,47,39,6,29,16,27,33,40
2021,19,3,553680,38,23,3,48,25,13,15,37,23,46,34,15,20,45
2021,28,3,632635,26,11,1,49,44,20,47,13,1,23,47,24,42,8
2021,21,3,893343,44,25,2,7,49,34,48,42,14,24,21,30,29,5
2021,31,3,91915,18,48,6,43,32,4,44,31,34,11,18,33,20,22
2021,24,3,211085,14,8,4,13,31,11,12,18,19,49,15,45,43,44
2021,2,4,746472,5,49,21,12,2,45,27,33,42,19,13,31,25,9
2021,7,4,52345,31,39,44,24,42,40,9,12,3,49,42,37,5,7
2021,9,4,204849,6,36,38,46,30,31,37,13,31,28,16,5,37,33
2021,26,3,509044,25,47,29,39,37,28,32,16,14,48,36,31,5,24
2021,11,4,688943,17,3,37,16,10,4,30,5,28,2,29,36,7,25
2021,4,4,652377,3,33,12,16,5,20,32,30,39,45,18,22,32,20
2021,14,4,704591,31,10,35,22,16,36,45,33,40,24,35,47,39,21
2021,9,5,296713,31,45,46,23,10,6,44,41,48,19,34,18,45,15
2021,7,5,994682,24,11,22,34,5,14,9,31,18,49,34,21,36,14
2021,23,5,390066,27,16,1,38,43,20,30,11,2,39,4,19,34,24
2021,26,5,389659,25,1,28,23,21,3,17,1,20,16,36,29,31,25
2021,16,5,302143,10,38,31,18,21,47,19,22,25,9,42,23,4,28
2021,28,5,722210,6,18,11,5,45,20,7,16,27,30,26,43,7,32
2021,6,6,796264,15,21,34,36,5,6,24,35,20,29,12,43,40,2
2021,12,5,417758,21,32,7,45,30,4,27,33,44,21,5,11,16,19
2021,14,5,544162,49,15,30,41,29,8,3,45,13,32,12,49,1,14
2021,9,6,897362,22,27,18,12,32,17,36,35,37,28,9,26,2,6
2021,2,6,950152,37,49,11,2,6,12,41,33,4,14,2,23,26,35
2021,21,5,318553,41,4,17,7,19,45,40,43,36,37,12,25,1,14
2021,30,5,412089,38,25,9,21,43,27,17,16,22,43,25,34,47,30
2021,4,6,631528,11,8,12,1,38,31,19,31,30,13,41,14,49,16
2021,20,6,885909,14,38,4,19,18,37,35,30,33,3,17,9,4,23
2021,13,6,176142,29,3,49,2,27,9,22,27,31,36,22,42,9,4
2021,23,6,825175,16,39,20,46,26,35,9,1,7,13,21,32,41,18
2021,16,6,24957,18,17,15,21,45,1,40,2,49,14,6,9,43,29
2021,18,6,220162,32,6,31,40,8,35,22,31,23,18,49,36,48,40
2021,11,6,367659,18,12,44,9,7,38,25,28,10,36,20,42,19,35
2021,25,6,716598,32,3,29,30,26,15,42,39,5,27,13,35,40,28
2021,4,7,62409,47,1,2,38,34,3,6,8,34,31,7,49,48,39
2021,30,6,373010,30,49,37,14,42,45,7,31,18,33,48,30,37,45
2021,27,6,364066,26,43,47,29,28,4,16,38,35,28,49,43,39,46
2021,2,7,781570,7,30,35,18,36,23,14,41,13,34,44,27,20,46
2021,11,7,410198,34,28,47,26,8,17,38,26,8,28,40,34,11,7
2021,14,7,259669,27,45,17,14,6,34,2,13,28,42,41,7,25,37
2021,7,7,40945,47,23,41,10,6,26,25,16,19,10,3,8,42,13
2021,23,7,248456,11,30,17,2,28,48,1,6,32,47,10,14,9,5
2021,16,7,308807,17,2,45,5,40,3,13,9,11,8,7,39,12,13
2021,28,7,108588,38,4,40,41,35,46,14,36,46,47,43,33,39,10
2021,25,7,383541,23,15,1,20,16,42,32,33,24,6,37,9,11,22
2021,21,7,369505,25,19,40,27,29,41,22,33,18,30,4,3,5,28
2021,30,7,732879,12,24,31,17,22,47,26,7,41,32,11,5,20,37
2021,9,7,175725,8,25,12,22,4,36,10,32,43,35,49,38,14,6
2021,13,8,328375,35,8,40,26,4,3,47,28,23,29,38,5,14,47
2021,1,8,775148,36,41,22,38,3,21,40,34,20,4,42,16,46,14
2021,11,8,288092,45,17,10,39,33,38,46,32,30,3,47,39,13,5
2021,6,8,1550,32,22,31,15,10,33,36,23,48,13,31,47,27,14
2021,4,8,925458,29,26,30,35,42,11,14,9,43,47,11,30,33,42
2021,18,7,399012,45,19,23,6,33,20,24,1,8,44,3,6,40,19
2021,15,8,971737,38,17,25,34,22,24,49,12,2,23,6,17,5,47
2021,18,8,8712,31,13,28,42,35,23,24,15,48,19,47,42,6,9
2021,25,8,567188,12,3,49,28,29,36,31,37,12,6,17,15,8,34
2021,1,9,323949,8,32,15,37,46,2,6,39,41,15,48,7,26,34
2021,8,8,188355,13,21,42,48,35,22,5,17,40,14,29,38,43,34
2021,22,8,839969,16,29,1,2,18,39,13,19,35,20,12,45,3,29
2021,29,8,635109,29,28,8,7,22,6,10,12,1,33,11,42,34,40
2021,27,8,923416,30,15,47,28,11,18,26,14,34,19,26,8,12,45
2021,20,8,989092,19,10,30,22,40,6,28,44,7,21,41,43,6,34
2021,8,9,16090,9,29,30,23,45,34,25,29,46,34,13,28,27,17
2021,10,9,712779,8,29,33,38,3,44,19,29,43,33,2,25,44,3
2021,15,9,92300,13,16,36,5,39,23,9,1,18,47,10,8,30,29
2021,12,9,826684,47,8,2,6,40,3,26,19,47,40,8,32,46,45
2021,22,9,73681,1,28,15,26,10,13,44,17,37,35,40,10,49,30
2021,24,9,458755,35,48,22,43,16,37,28,40,8,6,27,36,37,35
2021,17,9,522466,41,22,20,6,2,13,40,38,46,35,14,45,17,25
2021,19,9,658768,44,25,2,42,35,43,10,13,20,28,9,27,17,40
2021,26,9,214218,21,24,34,11,9,8,4,32,7,41,3,13,1,12
2021,3,9,603252,28,27,18,12,9,6,47,2,39,30,26,31,27,36
2021,1,10,270595,10,30,14,22,36,45,24,33,7,10,2,18,27,11
2021,5,9,201462,12,37,5,6,29,14,25,23,38,30,33,24,5,28
2021,3,10,895980,27,2,38,15,34,36,7,41,23,4,32,13,25,21
2021,6,10,619995,29,26,16,13,33,35,41,42,30,1,8,37,46,28
2021,10,10,480722,24,20,23,15,29,2,46,40,24,48,23,1,4,49
2021,17,10,108968,14,28,29,44,48,27,6,47,43,10,2,17,12,37
2021,29,9,671612,21,31,26,10,30,25,32,48,2,3,25,45,35,40
2021,8,10,494899,13,9,28,16,27,43,38,44,31,29,27,32,21,23
2021,13,10,983385,18,7,21,10,12,23,48,3,40,11,48,22,27,35
2021,20,10,201795,25,4,49,6,32,7,10,29,42,25,46,16,6,8
2021,22,10,202674,34,41,12,42,32,18,39,26,35,45,3,38,34,29
2021,29,10,627859,14,10,37,34,24,32,7,4,45,17,1,49,8,47
2021,27,10,328959,45,14,36,49,41,26,48,22,2,39,41,38,45,14
2021,24,10,223865,29,47,27,41,2,5,21,13,16,37,34,35,38,32
2021,3,11,986040,32,37,1,26,49,42,29,45,33,34,12,43,28,38
2021,31,10,502654,15,49,9,45,39,19,36,20,29,49,8,46,27,41
2021,15,10,129283,27,22,30,43,29,14,6,6,41,11,27,16,19,4
2021,5,11,871423,15,41,18,26,30,38,32,2,48,5,35,13,47,22
2021,7,11,97259,17,8,41,23,3,6,15,17,47,1,32,27,34,18
2021,10,11,700632,43,37,26,2,18,5,19,12,27,11,19,5,45,43
2021,12,11,707198,35,33,49,28,13,21,14,45,23,25,14,9,2,42
2021,19,11,527940,8,41,42,16,40,2,33,49,32,27,19,1,9,35
2021,17,11,683479,30,13,36,47,14,48,41,1,14,45,42,20,8,32
2021,26,11,254989,33,46,7,17,14,15,44,39,25,20,26,31,3,36
2021,21,11,72273,16,20,13,28,7,42,38,21,48,22,5,3,12,32
2021,1,12,220694,28,12,33,2,37,5,26,9,45,41,28,38,4,20
2021,28,11,20191,19,48,1,31,49,44,16,44,43,36,25,45,8,39
2021,14,11,81162,2,38,6,47,36,26,8,37,5,7,44,19,29,1
2021,3,12,823672,12,7,30,34,25,46,23,10,27,30,18,31,25,1
2021,5,12,912706,27,16,35,19,13,39,5,33,12,4,25,7,30,48
2021,8,12,96348,46,11,24,49,8,41,7,45,28,31,47,39,30,1
2021,10,12,615448,49,30,2,11,14,39,8,23,21,46,28,12,6,41
2021,24,11,521636,45,33,32,38,16,37,34,14,2,40,39,30,27,15
2021,12,12,808981,8,2,45,3,28,14,1,34,48,26,29,42,20,18
2021,15,12,967723,45,10,22,33,11,16,18,34,14,2,21,28,40,15
2021,17,12,828536,43,48,41,38,4,45,27,41,42,34,33,23,26,46
2021,19,12,154951,6,15,13,48,30,14,35,21,20,42,38,28,6,9
2021,22,12,683339,10,15,20,36,38,13,39,40,29,23,33,26,32,20
2021,26,12,724479,13,7,37,45,39,27,42,25,22,21,30,47,38,11
2021,29,12,185669,25,26,45,49,6,1,7,28,49,10,36,6,7,32
2022,5,1,675608,42,22,10,27,14,26,9,38,33,2,47,41,16,31
2022,2,1,270179,40,14,37,15,12,22,29,22,17,29,18,23,5,32
2022,12,1,874154,21,9,29,28,3,41,10,20,14,23,40,18,10,17
2022,14,1,980476,1,13,5,20,2,37,47,43,34,45,32,2,12,6
2021,31,12,342318,8,17,1,31,16,36,42,21,24,25,34,20,3,14
2021,24,12,842281,22,19,42,13,47,38,15,27,32,12,15,6,33,7
2022,16,1,848627,3,6,10,34,15,41,2,41,6,18,17,5,43,48
2022,21,1,976158,20,26,33,8,28,45,18,18,26,40,12,4,29,8
2022,23,1,124638,1,35,31,45,4,7,28,48,33,41,12,10,4,36
2022,7,1,378541,25,47,21,46,40,41,48,23,38,31,20,39,33,16
2022,9,1,517347,29,38,33,42,19,37,21,17,11,4,25,8,24,22
2022,4,2,494579,30,12,41,19,21,27,9,19,4,3,1,31,45,21
2022,30,1,681967,35,33,39,46,22,36,13,16,24,44,18,6,2,46
2022,26,1,94404,23,21,15,9,25,46,6,17,27,38,42,47,40,21
2022,28,1,763988,16,34,2,38,29,39,27,42,12,39,6,46,4,26
2022,9,2,200444,36,1,38,44,11,20,19,23,29,47,10,4,49,25
2022,6,2,693347,18,46,41,42,16,10,27,29,5,6,49,37,48,4
2022,19,1,639,47,5,44,19,34,42,11,18,14,35,17,23,9,22
2022,11,2,887599,45,14,31,27,13,8,23,23,8,21,14,4,27,15
2022,13,2,435065,8,45,13,43,35,26,39,11,46,40,19,20,16,32
2022,16,2,400227,8,39,15,18,48,3,20,15,33,1,30,21,11,16
2022,18,2,957404,31,17,5,22,4,10,44,36,16,5,42,20,35,37
2022,23,2,423342,41,10,46,42,2,1,47,7,41,48,34,12,49,3
2022,25,2,547716,18,34,40,23,6,4,27,16,3,22,13,14,47,35
2022,20,2,107053,22,9,37,25,19,48,28,42,34,49,16,19,12,40
2022,2,2,488621,10,26,21,11,45,32,7,11,26,21,13,25,35,44
2022,4,3,259827,27,43,4,37,32,47,21,27,14,16,17,45,33,48
2022,9,3,29878,8,17,40,43,37,13,31,8,13,21,45,24,2,40
2022,11,3,759441,17,13,16,24,19,15,8,27,39,12,31,49,36,29
2022,13,3,28969,48,2,42,7,11,30,23,36,28,9,15,38,46,2
2022,6,3,821684,10,29,38,23,37,8,13,42,30,15,38,48,47,29
2022,16,3,69786,10,22,7,21,30,46,11,11,20,37,15,8,34,22
2022,2,3,289242,35,36,9,29,30,17,43,41,6,46,23,32,26,16
2022,18,3,912103,40,6,20,8,21,44,19,27,34,13,11,25,4,23
2022,25,3,819906,26,35,46,20,37,38,19,21,23,49,34,4,10,27
2022,20,3,6602,44,20,26,12,32,34,1,23,6,45,32,38,26,42
2022,23,3,394914,8,36,43,14,10,24,38,43,21,27,34,40,42,29
2022,27,3,556789,44,7,47,40,27,35,38,37,24,36,27,14,47,10
2022,27,2,824114,34,41,14,11,25,47,31,45,19,44,46,14,49,1
2022,30,3,910964,33,3,32,1,41,27,20,12,25,23,44,37,35,27
2022,6,4,804205,14,45,13,16,10,29,25,23,9,38,27,14,2,24
2022,1,4,647080,49,39,28,22,43,30,25,7,27,41,18,11,22,29
2022,10,4,408377,28,37,6,30,45,27,17,20,10,18,17,15,21,48
2022,8,4,412443,24,1,45,29,13,37,42,27,22,6,8,15,40,13
2022,3,4,349606,44,10,19,34,18,47,4,49,39,26,28,37,44,43
2022,13,4,235151,46,2,18,19,26,14,6,13,31,38,33,48,40,5
2022,15,4,879837,20,4,34,19,11,27,38,25,41,27,37,48,31,19
2022,17,4,333761,18,13,27,2,1,28,42,30,14,9,28,40,17,47
2022,24,4,705278,46,49,22,40,19,6,37,31,2,3,24,40,44,12
2022,22,4,634525,26,44,5,46,39,37,32,47,45,27,21,23,2,12
2022,6,5,982454,11,7,20,48,5,29,6,43,1,18,29,38,4,34
2022,4,5,431103,4,47,45,11,37,27,35,31,13,29,4,45,40,35
2022,11,5,94161,38,15,27,39,40,26,2,38,27,39,8,12,19,10
2022,13,5,729963,46,29,1,21,16,41,11,1,47,14,6,26,35,11
2022,18,5,714562,44,3,19,31,23,26,7,45,12,11,37,43,47,29
2022,15,5,918137,32,3,30,28,4,27,13,12,29,1,9,49,27,39
2022,20,4,535073,7,11,23,30,34,5,47,18,3,32,42,14,43,44
2022,29,4,994715,31,30,33,20,10,19,5,15,9,24,4,46,25,20
2022,27,4,446677,4,5,14,38,21,22,30,22,8,10,35,38,24,49
2022,8,5,399291,26,30,6,16,38,49,32,36,45,10,25,39,40,5
2022,1,5,776343,43,49,48,7,16,26,10,21,12,36,15,29,46,33
2022,22,5,740749,42,44,1,7,43,32,18,26,48,11,27,36,24,32
2022,29,5,111295,34,3,33,39,2,1,5,6,44,46,26,36,10,48
2022,25,5,646863,5,47,32,30,2,14,36,3,1,36,13,6,22,25
2022,27,5,487072,42,11,29,20,37,31,17,5,39,8,13,42,47,28
2022,3,6,708419,16,18,4,30,12,33,29,11,45,7,17,4,39,6
2022,5,6,59149,26,17,30,47,10,39,20,21,46,18,7,12,33,40
2022,20,5,379122,13,29,39,20,14,10,3,16,13,20,8,11,3,28
2022,1,6,158415,10,3,16,44,4,18,38,22,30,47,35,19,13,46
2022,10,6,921499,28,40,3,38,19,21,36,49,28,20,15,40,19,4
2022,17,6,143175,13,39,17,6,21,30,44,34,16,23,42,10,36,12
2022,8,6,318745,5,30,37,10,39,3,4,4,14,49,11,25,16,41
2022,15,6,439828,46,9,39,6,24,35,33,48,7,37,31,9,24,4
2022,12,6,728512,42,20,7,18,39,22,29,10,2,23,42,28,46,24
2022,19,6,197031,48,12,15,34,16,8,24,32,37,23,48,29,46,3
2022,22,6,123884,9,8,14,6,4,11,1,37,32,7,43,31,15,11
2022,24,6,258375,8,16,41,49,14,39,1,25,31,30,43,34,4,27
2022,26,6,649915,24,31,22,43,17,2,45,31,20,5,38,46,49,15
2022,15,7,988032,31,38,49,19,3,44,8,49,19,30,37,23,33,5
2022,10,7,48735,42,16,43,23,34,18,17,39,41,16,22,33,40,35
2022,1,7,359255,25,39,48,49,36,35,47,30,7,17,16,24,4,31
2022,13,7,871355,8,14,9,5,24,13,36,13,12,4,11,5,7,19
2022,8,7,228130,39,24,11,16,46,13,19,48,49,27,28,14,43,16
2022,29,6,745529,18,48,5,32,24,38,31,30,21,44,10,12,36,38
2022,3,7,400163,25,15,47,17,3,26,38,45,27,19,41,18,26,24
2022,17,7,700800,15,23,18,22,21,5,32,13,40,22,39,35,41,25
2022,6,7,926463,7,35,3,11,41,1,18,1,20,14,25,45,11,26
2022,20,7,743006,45,8,18,11,17,39,46,9,6,15,14,47,22,19
2022,22,7,850997,23,1,31,49,35,44,6,46,13,27,12,49,45,28
2022,27,7,22502,15,20,49,19,34,37,17,38,29,2,23,45,12,16
2022,24,7,587366,8,28,43,20,17,4,48,4,40,23,2,32,48,3
2022,31,7,180739,28,35,22,18,12,13,10,40,32,33,39,41,31,15
2022,29,7,461829,2,14,24,19,13,20,18,29,7,49,9,3,42,28
2022,7,8,502363,35,39,45,3,43,18,24,8,15,31,4,5,24,28
2022,5,8,636721,45,33,35,5,27,13,6,9,43,16,19,1,40,36
2022,12,8,596313,4,30,21,8,40,5,47,48,49,32,7,1,16,46
2022,10,8,627141,32,15,49,38,5,42,46,47,12,33,42,15,8,9
2022,14,8,925776,34,26,38,40,23,48,49,11,19,25,6,42,14,12
2022,17,8,460855,33,22,30,42,44,15,7,10,16,18,40,1,44,19
2022,19,8,126097,7,46,11,23,2,21,9,6,7,30,21,18,36,39
2022,3,8,855540,45,18,22,37,38,41,23,36,32,49,5,35,18,33
2022,21,8,282352,8,7,47,28,34,25,40,36,20,41,48,28,31,29
2022,24,8,179695,32,20,36,9,4,1,43,36,22,21,32,35,34,18
2022,28,8,72344,18,2,9,15,23,45,48,40,22,16,26,47,35,44
2022,7,9,561038,5,22,12,17,29,40,11,16,18,2,35,9,4,1
2022,14,9,19655,45,19,30,7,15,29,43,37,22,40,31,15,14,10
2022,11,9,302952,39,34,12,15,5,18,22,49,6,34,18,40,3,48
2022,31,8,488345,43,11,4,7,29,31,3,11,7,43,4,13,40,49
2022,2,9,489690,8,36,37,3,21,20,13,30,10,35,49,23,47,11
2022,26,8,440634,42,13,7,39,30,27,2,6,13,28,8,26,24,31
2022,4,9,664951,27,19,44,2,33,45,21,45,11,19,27,38,36,1
2022,16,9,726865,10,44,7,16,47,17,20,38,39,30,41,19,23,16
2022,9,9,778705,46,47,5,11,6,45,41,33,13,29,19,15,41,28
2022,21,9,719365,9,42,26,16,27,39,14,36,45,41,17,7,26,4
2022,23,9,212996,30,25,28,4,26,16,9,26,10,16,33,30,47,40
2022,28,9,711377,28,14,45,41,32,3,15,39,4,33,13,35,45,15
2022,30,9,907051,30,14,47,5,7,23,2,36,33,7,42,39,14,15
2022,2,10,112016,11,7,3,19,42,40,27,30,10,20,44,26,28,33
2022,25,9,959253,17,29,35,24,47,34,38,21,9,23,31,33,25,8
2022,7,10,428458,2,35,18,48,23,12,1,39,5,16,47,31,3,2
2022,12,10,666565,25,48,23,6,39,32,35,10,28,39,13,1,37,45
2022,19,10,682637,36,40,11,48,42,12,32,3,23,38,13,45,16,20
2022,14,10,626820,1,37,42,21,18,24,9,27,40,22,19,6,38,32
2022,5,10,303201,15,42,23,26,8,29,25,27,44,34,40,26,41,15
2022,9,10,162963,23,14,8,3,15,9,16,35,1,48,39,26,6,49
2022,16,10,346696,3,35,31,36,28,38,25,7,32,45,36,38,18,24
2022,18,9,644699,28,19,42,20,8,21,1,39,43,41,27,3,20,19
2022,23,10,144465,1,32,33,17,31,14,19,17,5,39,12,26,20,25
2022,28,10,387486,20,40,3,48,47,24,7,18,37,31,13,21,32,2
2022,30,10,455581,12,24,42,18,43,16,19,12,41,47,27,43,19,21
2022,6,11,890464,27,4,7,2,46,28,31,48,13,1,28,39,24,16
2022,4,11,873252,32,6,38,31,23,5,15,18,22,40,15,49,30,46
2022,26,10,224024,47,33,43,48,10,32,34,39,1,33,29,43,17,28
2022,2,11,852894,35,28,18,2,36,13,33,35,28,17,34,1,31,43
2022,21,10,851730,26,28,8,44,33,5,1,8,49,45,10,20,14,47
2022,9,11,760908,41,22,4,20,38,6,17,31,34,20,45,48,26,10
2022,11,11,613766,11,13,3,34,9,18,44,49,9,17,14,1,21,12
2022,13,11,967814,19,42,27,25,22,39,20,7,1,48,25,4,38,41
2022,20,11,959782,32,48,39,36,37,3,8,17,19,36,42,43,16,23
2022,16,11,932413,12,44,16,19,25,4,43,38,43,24,4,17,7,40
2022,23,11,750728,19,47,5,8,1,36,40,29,38,25,26,11,41,9
2022,25,11,212060,38,26,23,30,21,20,18,23,36,44,35,15,47,1
2022,2,12,874633,22,43,48,35,41,37,5,30,21,19,36,26,38,22
2022,27,11,542819,15,38,25,34,18,3,17,34,49,1,13,26,16,47
2022,4,12,15137,9,32,38,3,27,25,45,30,47,17,9,16,4,35
2022,30,11,579972,22,5,11,26,9,27,2,40,14,9,6,8,35,16
2022,9,12,903562,33,30,21,25,6,36,35,7,30,3,11,44,26,8
2022,7,12,243513,9,8,40,4,37,48,42,42,19,47,35,34,15,23
2022,11,12,936089,27,16,19,26,14,33,24,9,38,34,31,22,15,44
2022,18,11,53252,3,12,1,47,18,5,2,48,25,32,14,28,9,7
2022,25,12,589759,13,18,16,28,48,34,4,13,41,49,16,40,10,19
2022,14,12,569538,12,33,5,15,20,37,36,30,1,27,44,45,7,20
2022,28,12,659845,43,49,21,27,29,3,15,36,28,9,7,23,45,31
2023,1,1,961093,43,24,11,7,35,49,30,27,26,19,36,30,40,45
2022,30,12,52973,1,44,41,3,12,7,32,38,47,7,20,25,13,40
2022,21,12,158526,15,4,27,1,29,30,19,10,41,44,24,21,39,40
2022,23,12,55115,43,14,8,39,2,38,32,1,49,36,45,40,13,27
2022,18,12,770755,9,12,32,15,3,42,28,44,24,41,13,11,12,20
2022,16,12,585031,20,18,43,13,1,38,7,25,48,47,36,24,40,42
2023,6,1,272333,13,42,37,26,4,5,29,16,28,18,44,12,2,30
2023,11,1,102773,28,33,40,47,45,2,16,30,44,42,39,32,15,45
2023,4,1,369730,6,18,29,7,45,11,46,34,45,3,31,44,23,32
2023,13,1,10426,39,22,7,16,19,44,25,4,3,7,25,38,22,41
2023,15,1,893683,27,7,6,38,19,2,25,38,36,23,42,47,6,44
2023,18,1,334998,39,13,38,24,23,34,42,23,41,20,30,21,2,32
2023,20,1,656437,48,39,21,14,41,36,22,1,43,31,32,34,12,7
2023,25,1,597034,26,42,37,32,22,34,28,13,18,35,37,38,41,27
2023,22,1,39904,42,33,22,26,5,43,41,30,17,15,32,28,14,18
2023,27,1,83588,12,39,35,6,3,41,23,39,19,4,34,27,8,36
2023,8,1,543884,40,19,16,49,36,2,20,47,14,11,44,46,15,10
2023,1,2,409935,16,29,31,34,40,3,39,1,10,11,37,43,19,27
2023,29,1,833858,12,46,44,20,17,47,32,41,27,18,21,4,49,32
2023,5,2,496687,31,29,23,14,30,13,39,3,49,8,35,11,10,32
2023,3,2,346430,26,18,46,39,13,12,35,41,25,15,12,11,44,1
2023,8,2,781172,13,35,47,8,48,14,38,44,13,15,35,41,14,31
2023,12,2,359791,46,27,48,7,34,36,26,36,5,29,40,43,31,22
2023,17,2,974467,38,1,7,44,12,45,30,47,32,31,28,25,15,14
2023,15,2,429393,26,2,23,42,19,20,10,31,44,14,40,23,8,13
2023,19,2,636518,32,14,24,48,42,16,22,34,39,40,14,33,43,3
2023,22,2,954306,29,40,46,36,34,4,48,30,2,12,24,47,1,14
2023,26,2,458551,1,19,34,45,26,11,3,3,6,21,22,20,2,25
2023,24,2,111644,8,25,31,47,16,4,10,19,15,43,33,39,10,17
2023,1,3,636773,26,46,9,37,14,35,8,18,10,41,20,21,3,42
2023,10,2,397083,20,13,26,30,12,48,22,32,41,43,7,33,2,38
2023,3,3,783861,36,28,7,9,21,38,49,17,36,15,12,24,49,30
2023,5,3,504780,34,28,21,42,30,23,16,47,31,43,48,44,39,15
2023,8,3,181273,23,1,48,35,11,18,14,14,48,44,3,20,38,32
2023,15,3,986917,16,38,4,31,24,2,17,39,44,13,11,17,7,12
2023,17,3,24684,31,19,49,6,34,28,13,46,14,47,15,41,29,25
2023,10,3,429764,22,42,38,13,4,20,12,48,15,9,29,14,10,17
2023,2,4,105901,43,8,37,44,17,13,39,43,17,44,47,24,25,20
2023,22,3,484429,8,20,29,47,37,16,15,17,41,32,19,4,2,11
2023,29,3,646771,42,7,8,44,26,9,48,18,32,30,14,46,40,42
2023,31,3,152810,8,35,19,7,5,1,40,13,26,30,47,41,42,23
2023,24,3,666254,46,3,13,48,37,14,8,39,4,35,47,9,44,33
2023,26,3,189990,44,36,7,28,14,30,5,13,6,48,4,1,26,40
2023,19,3,459849,45,38,13,25,8,22,46,13,40,9,39,44,42,43
2023,12,3,112366,25,11,43,10,20,44,28,18,46,39,26,10,12,5
2023,19,4,324653,36,18,5,21,39,27,13,25,16,42,40,29,17,19
2023,14,4,46258,16,12,13,43,10,1,21,38,43,2,49,3,45,10
2023,21,4,212816,46,48,35,47,5,17,6,19,7,23,22,47,9,5
2023,23,4,796239,21,30,48,5,35,29,6,25,10,7,20,14,37,2
2023,26,4,419937,4,32,7,47,22,31,5,25,44,31,41,9,36,5
2023,7,4,299838,22,15,12,35,41,18,46,33,6,28,48,42,29,36
2023,12,4,767775,1,40,49,47,26,10,36,26,1,49,4,41,3,30
2023,16,4,875098,14,24,9,32,26,35,30,40,44,35,17,47,49,23
2023,5,4,577925,23,49,18,1,7,19,2,43,23,38,40,32,44,20
2023,30,4,914664,9,6,23,12,15,29,14,15,8,43,45,42,27,38
2023,14,5,986147,23,16,34,21,3,26,17,6,28,41,14,18,5,3
2023,28,4,983226,38,20,36,6,48,5,47,44,14,22,32,3,1,8
2023,5,5,472342,4,43,45,10,49,2,14,12,4,17,40,2,15,33
2023,7,5,51083,20,18,25,35,19,12,1,30,3,16,5,12,17,43
2023,9,4,54013,21,42,1,30,49,10,6,45,6,34,15,20,1,42
2023,10,5,402754,10,7,40,24,34,44,8,39,2,46,34,47,6,22
2023,12,5,22259,33,7,13,1,31,40,18,49,28,18,10,47,26,25
2023,3,5,652121,12,37,21,49,38,36,5,27,2,26,7,3,16,37
2023,19,5,290872,3,39,28,46,1,5,22,7,22,5,46,29,25,16
2023,24,5,878638,22,30,31,4,25,8,6,34,23,40,3,41,25,33
2023,21,5,89627,44,26,45,36,41,14,30,24,49,37,31,44,28,40
2023,26,5,148894,22,45,4,41,33,28,15,34,27,39,20,46,1,32
2023,2,6,7738,3,45,47,35,1,46,28,35,5,34,40,49,31,32
2023,31,5,757209,38,42,35,23,7,1,49,29,24,49,12,44,46,15
2023,4,6,51944,11,30,36,31,42,18,16,33,21,23,48,27,36,37
2023,28,5,772894,44,6,38,7,11,14,1,49,46,33,25,15,26,23
2023,9,6,288312,10,12,24,36,39,4,15,6,24,13,15,38,32,9
2023,7,6,898038,36,21,18,35,48,28,30,10,23,38,1,34,27,16
2023,17,5,179821,36,1,7,44,2,41,5,21,14,36,37,44,35,33
2023,11,6,273359,32,33,45,38,17,6,31,8,33,39,10,15,9,26
2023,14,6,73024,22,16,19,36,45,12,8,32,8,20,30,34,3,24
2023,21,6,594532,22,4,46,8,23,45,12,39,49,2,9,32,7,5
2023,18,6,629324,12,1,8,44,32,35,31,40,42,19,35,10,23,48
2023,16,6,421533,13,26,48,8,19,16,23,15,2,13,32,36,26,46
2023,28,6,852113,41,29,30,40,19,5,2,18,12,15,20,37,4,14
2023,23,6,581401,34,33,44,24,12,23,35,22,16,30,17,9,14,33
2023,25,6,950010,2,41,46,23,43,12,10,7,43,22,48,10,16,31
2023,30,6,959067,9,5,30,13,11,4,36,36,38,22,42,3,8,16
2023,19,7,471466,4,6,43,39,38,18,26,48,15,28,39,38,9,12
2023,5,7,477655,34,9,43,44,12,49,28,35,6,47,44,29,2,23
2023,2,7,361504,20,42,6,5,46,47,7,29,19,46,40,32,12,16
2023,9,7,633942,28,42,10,12,14,30,40,11,1,49,20,32,26,38
2023,12,7,903474,26,45,23,16,42,43,21,6,17,22,37,47,20,3
2023,16,7,965913,45,39,35,20,48,34,3,16,8,46,39,45,41,12
2023,14,7,254095,1,33,32,23,28,45,36,9,20,17,30,26,43,31
2023,26,7,122307,29,22,34,27,14,37,19,8,38,25,39,23,48,22
2023,23,7,580204,17,30,7,42,32,45,40,11,19,37,38,26,17,39
2023,7,7,83279,43,21,25,28,38,4,45,13,11,14,5,49,9,48
2023,30,7,119860,41,44,19,11,2,49,35,44,6,48,7,43,2,20
2023,28,7,41742,34,28,44,48,4,49,47,39,47,5,48,28,44,37
2023,21,7,722762,24,47,27,10,11,16,20,44,35,42,36,27,41,32
2023,6,8,567829,11,17,15,6,39,10,22,48,41,44,31,15,1,47
2023,13,8,839948,23,35,46,24,8,2,39,27,8,17,40,4,28,46
2023,11,8,716118,18,6,7,47,34,17,3,32,31,44,42,36,29,46
2023,2,8,724279,16,22,27,25,30,43,45,22,16,48,11,31,17,35
2023,4,8,406046,13,14,4,27,16,10,30,32,8,43,17,25,38,1
2023,23,8,835291,29,14,31,37,41,18,38,7,42,44,11,45,48,14
2023,25,8,872972,13,11,39,35,20,37,31,7,36,20,12,8,26,35
2023,30,8,474917,29,28,12,3,46,31,10,28,47,25,31,3,49,34
2023,9,8,855282,10,31,7,43,46,13,6,16,20,10,46,41,8,44
2023,18,8,993322,2,14,28,29,24,18,33,25,33,13,30,18,19,14
2023,16,8,337978,23,29,12,39,4,41,22,3,28,8,32,35,42,24
2023,1,9,568705,41,24,39,42,46,38,12,45,22,47,10,36,30,48
2023,20,8,767634,15,47,48,46,37,4,27,48,39,11,46,49,21,16
2023,6,9,150464,3,15,16,32,21,24,6,33,6,25,14,48,44,16
2023,8,9,814710,46,30,31,49,18,32,16,36,3,17,15,49,27,10
2023,10,9,937125,37,4,39,48,3,28,36,3,17,42,6,29,14,18
2023,15,9,651093,23,42,40,39,30,36,46,33,11,28,16,49,26,29
2023,13,9,103575,31,37,6,23,12,32,15,5,45,39,37,32,41,23
2023,17,9,846842,34,7,5,11,35,18,15,16,1,2,25,9,29,33
2023,24,9,970334,37,43,38,1,30,25,32,44,47,16,28,22,5,35
2023,20,9,74102,4,36,24,39,10,48,1,42,48,2,44,27,39,14
2023,27,9,365580,29,44,24,34,31,27,41,43,25,33,46,28,23,32
2023,22,9,445042,45,43,40,46,7,25,21,32,48,11,40,22,27,19
2023,3,9,731064,37,24,35,25,16,36,28,39,11,6,33,12,1,21
2023,6,10,137252,48,40,17,49,41,35,16,2,1,4,28,47,23,38
2023,13,10,747335,8,3,30,13,45,21,27,22,21,43,33,23,2,15
2023,8,10,407741,35,41,39,14,36,49,48,37,36,30,29,23,17,7
2023,1,10,998666,23,40,38,3,26,13,42,33,41,39,48,43,11,12
2023,11,10,302300,9,39,24,16,47,44,8,21,3,11,25,18,9,24
2023,29,9,435448,49,29,16,4,30,9,21,22,25,39,20,6,24,37
2023,4,10,193640,49,28,18,21,23,33,42,28,16,41,4,20,27,29
2023,22,10,795225,15,32,44,10,36,1,33,48,30,20,38,40,9,35
2023,25,10,533532,5,33,26,29,45,34,40,39,25,11,10,1,22,21
2023,15,10,315492,22,37,32,6,35,1,44,21,47,1,5,29,25,8
2023,29,10,901798,44,28,10,16,14,19,9,12,16,43,34,45,41,4
2023,18,10,491374,25,10,28,34,21,46,4,35,20,13,12,9,36,11
2023,1,11,851782,40,28,22,2,33,38,45,31,43,44,33,32,35,48
2023,27,10,474952,24,31,14,41,8,49,30,9,30,8,2,20,15,5
2023,3,11,489101,9,17,25,1,49,24,20,1,39,19,7,42,3,15
2023,8,11,361738,25,33,36,11,40,14,43,7,49,24,33,13,36,31
2023,17,11,589393,18,38,31,29,20,25,3,31,28,6,16,5,4,9
2023,5,11,987415,14,15,13,4,9,5,48,3,39,45,10,7,2,19
2023,10,11,226793,37,8,30,49,31,1,19,49,16,36,39,27,26,6
2023,20,10,211955,33,19,35,10,7,2,34,29,44,39,22,43,17,38
2023,15,11,90325,11,46,23,24,8,16,19,12,9,8,3,47,33,34
2023,26,11,137242,3,10,38,21,1,44,42,48,23,24,40,5,37,17
2023,19,11,685211,29,17,3,49,31,47,14,42,27,30,43,7,38,31
2023,1,12,135363,47,49,13,17,28,11,25,34,49,9,6,12,10,3
2023,22,11,142976,24,1,36,39,2,46,22,28,49,46,4,36,21,41
2023,29,11,310737,38,46,43,35,5,1,20,25,45,42,38,32,13,26
2023,12,11,167352,21,23,6,22,15,3,33,24,18,45,48,9,46,43
2023,24,11,210561,6,2,12,19,9,32,4,47,13,9,44,1,4,26
2023,3,12,699982,27,41,42,17,18,43,24,47,10,19,14,17,36,29
2023,10,12,642307,13,35,48,3,23,29,44,23,29,46,30,33,9,41
2023,13,12,74563,19,12,18,21,10,48,2,41,7,46,6,5,40,9
2023,17,12,545575,17,11,29,37,36,13,38,7,15,8,49,48,10,43
2023,20,12,345973,18,43,38,41,39,8,13,44,10,49,16,1,17,30
2023,27,12,590476,43,10,48,20,36,14,32,20,47,24,17,44,46,27
2023,15,12,115316,46,28,26,47,7,34,39,15,24,21,12,35,39,27
2023,8,12,476279,42,2,34,43,21,16,19,47,5,44,36,2,38,8
2023,29,12,550124,28,9,10,33,27,36,37,15,26,41,25,18,21,14
2023,24,12,357148,4,12,10,43,2,15,13,35,26,30,38,8,13,3
2023,22,12,915561,48,35,46,31,33,34,45,48,14,28,4,30,7,49
2023,6,12,878592,34,25,19,40,17,28,18,20,11,46,30,3,49,42
2023,31,12,908254,42,17,10,7,44,47,8,31,15,49,32,45,7,40
2024,7,1,291814,37,20,16,30,49,9,45,40,13,42,18,6,46,23
2024,5,1,684139,31,17,36,14,48,40,16,37,25,34,27,41,9,24
2024,10,1,395480,1,36,13,27,28,6,43,23,19,40,5,17,36,47
2024,14,1,578491,7,2,10,15,29,9,24,40,30,4,49,29,2,15
2024,17,1,766822,15,25,29,19,49,44,11,6,31,39,29,16,24,28
2024,12,1,973639,33,20,21,35,1,34,32,9,6,26,45,49,8,19
2024,19,1,847376,49,22,26,21,29,14,36,38,44,10,5,36,1,42
2024,3,1,672475,4,28,12,1,30,43,20,30,39,35,21,13,29,27
2024,24,1,51626,19,17,8,22,40,21,25,28,44,11,37,46,32,43
2024,21,1,388761,13,23,34,33,7,42,39,13,5,15,21,25,2,39
2024,26,1,512033,23,5,42,3,6,26,20,49,7,48,22,21,32,43
2024,28,1,722297,40,26,21,42,30,13,35,40,45,36,37,30,39,21
2024,4,2,777066,3,18,15,8,23,5,19,4,33,24,46,17,43,14
2024,2,2,288430,20,30,13,9,47,38,31,4,25,27,3,7,35,1
2024,31,1,343524,16,20,32,33,42,22,47,47,36,19,49,38,3,6
2024,7,2,884799,15,43,41,1,39,34,13,6,20,17,33,31,3,19
2024,14,2,368059,12,47,33,22,10,30,16,1,45,23,39,41,10,5
2024,16,2,135263,41,24,36,44,29,34,28,38,11,8,44,31,13,3
2024,23,2,458408,36,45,42,14,33,30,9,4,32,48,41,27,18,1
2024,9,2,599038,11,28,46,44,41,8,31,20,4,42,30,23,39,49
2024,11,2,51913,19,26,2,1,48,20,39,16,37,10,44,47,30,42
2024,18,2,758038,46,15,35,41,34,20,16,8,14,17,39,24,7,9
2024,25,2,83115,46,40,28,23,27,13,14,10,32,38,25,13,24,39
2024,21,2,390080,41,8,36,1,20,10,31,27,35,4,11,2,25,39
2024,13,3,320584,13,49,9,29,5,19,28,16,23,27,14,19,21,41
2024,3,3,322919,26,28,9,23,14,31,10,2,33,16,39,3,47,31
2024,1,3,262802,17,42,46,26,5,47,32,8,13,12,28,18,24,48
2024,6,3,509261,13,7,9,2,36,18,31,38,7,43,29,3,35,45
2024,8,3,675770,36,13,5,48,24,49,40,26,14,34,18,1,25,28
2024,20,3,629407,29,47,35,34,12,6,21,6,1,41,21,34,32,19
2024,24,3,339286,37,39,22,42,45,14,31,1,12,44,16,46,15,45
2024,17,3,832419,37,26,45,42,16,13,27,25,4,20,5,3,38,42
2024,15,3,287128,33,17,4,23,31,21,34,25,41,27,35,26,21,33
2024,27,3,993491,4,49,24,47,12,33,36,32,23,6,46,1,40,25
2024,28,2,866932,35,43,3,5,16,40,1,7,20,29,4,6,39,44
2024,10,3,909540,21,42,44,15,1,30,46,47,37,39,36,35,9,16
2024,5,4,499717,21,41,6,24,28,4,43,11,19,25,15,41,44,28
2024,3,4,425983,39,11,38,21,13,29,49,20,21,34,1,3,48,13
2024,10,4,352395,28,41,29,32,18,37,31,37,35,40,2,21,3,13
2024,12,4,519769,48,9,44,23,17,22,12,27,33,22,1,32,12,36
2024,22,3,298894,17,16,7,38,36,19,24,20,40,18,24,1,45,34
2024,31,3,62989,29,30,1,4,10,9,35,19,1,9,40,22,18,10
2024,29,3,730439,4,42,3,22,21,47,6,8,23,10,4,38,13,34
2024,14,4,607355,47,11,30,36,1,15,24,42,35,6,41,27,29,31
2024,21,4,135788,29,35,2,49,48,33,19,45,7,35,8,48,2,28
2024,19,4,99193,39,12,14,17,44,10,42,41,28,16,39,11,25,36
2024,24,4,378970,42,36,38,1,46,27,3,2,27,16,31,26,35,3
2024,7,4,562144,38,43,49,25,39,24,23,12,41,25,4,46,18,39
2024,1,5,979280,15,31,39,16,1,3,48,13,23,34,9,4,46,10
2024,28,4,384970,46,1,26,48,9,31,45,20,47,19,16,22,40,28
2024,26,4,734742,35,34,14,43,4,24,39,8,5,49,28,45,13,17
2024,3,5,608723,23,7,43,30,36,41,27,23,5,35,42,45,22,32
2024,8,5,407933,47,17,3,40,48,34,31,41,22,2,32,6,28,29
2024,5,5,75036,25,42,13,38,11,20,43,49,8,2,28,1,30,44
2024,17,4,18519,1,17,7,33,35,41,31,43,8,30,49,5,42,28
2024,10,5,287245,19,38,46,32,11,20,16,33,8,5,6,30,38,19
2024,12,5,650851,9,25,29,46,1,12,35,46,20,16,27,34,48,3
2024,15,5,168396,22,47,20,6,44,7,39,45,37,30,20,16,24,29
2024,17,5,20319,29,34,6,42,20,22,10,23,37,33,13,10,29,1
2024,19,5,902519,11,24,18,34,48,20,9,36,18,27,33,45,41,29
2024,22,5,548731,41,32,48,30,29,38,18,31,10,14,29,35,24,19
2024,24,5,202886,44,6,28,18,22,7,19,10,33,14,29,27,34,17
2024,29,5,172372,35,18,38,14,22,4,30,6,20,1,19,13,46,12
2024,26,5,582705,33,39,24,4,31,35,21,29,7,43,49,14,5,45
2024,2,6,736867,18,32,38,7,20,19,37,14,45,6,16,7,44,49
2024,5,6,736567,42,15,46,17,33,41,43,15,43,41,19,49,31,33
2024,7,6,731073,36,31,6,8,3,17,21,3,48,36,44,38,31,16
2024,9,6,862037,19,3,27,45,40,30,23,10,21,36,34,4,48,12
2024,12,6,800241,32,44,9,36,7,29,48,47,12,26,32,8,4,37
2024,16,6,232267,13,36,2,30,21,19,12,49,44,6,20,41,36,32
2024,21,6,864636,45,46,27,36,29,10,34,25,36,7,6,14,21,27
2024,14,6,608720,13,40,21,12,19,48,41,13,26,43,11,21,32,10
2024,19,6,421605,9,38,19,5,27,40,21,38,21,9,10,49,32,37
2024,31,5,511455,30,14,18,31,6,15,39,2,30,10,21,43,22,3
2024,26,6,140287,5,2,24,9,31,47,28,13,40,37,44,38,45,1
2024,3,7,29205,19,5,3,29,18,31,20,39,29,33,48,20,45,43
2024,7,7,726042,2,33,13,7,4,1,31,11,45,41,8,28,5,3
2024,30,6,571314,10,21,41,20,5,28,31,45,31,39,38,6,25,7
2024,10,7,897315,28,48,13,7,49,17,43,9,11,38,7,43,44,5
2024,5,7,94439,37,29,45,12,18,48,13,25,49,12,24,28,31,22
2024,23,6,621236,35,17,4,48,30,29,16,6,30,2,15,9,17,44
2024,21,7,633338,9,29,8,23,31,14,3,37,36,15,38,33,26,46
2024,28,6,575674,8,9,37,44,14,32,5,9,3,31,6,11,23,19
2024,19,7,841642,18,29,35,4,8,6,27,3,35,44,24,25,18,9
2024,24,7,132616,8,37,32,11,1,23,4,15,8,32,33,2,25,19
2024,28,7,406203,23,42,12,26,6,25,33,25,12,40,4,36,44,30
2024,2,8,737874,5,33,49,21,3,23,36,34,24,6,4,9,20,26
2024,26,7,69930,32,3,17,25,18,39,15,37,45,11,27,7,1,43
2024,31,7,598558,21,6,46,27,4,11,34,46,31,38,25,32,19,7
2024,12,7,580644,48,25,31,44,14,33,28,15,34,22,44,9,30,48
2024,14,7,265114,49,25,22,20,5,16,18,1,15,29,34,37,18,25
2024,17,7,613040,11,47,5,9,12,45,39,7,24,35,43,5,13,27

